no,domain
3796,dsp-redirect.com
3801,mux.com
3811,adscale.de
3817,perl.com
3818,sprinthost.ru
3825,business-standard.com
3833,esphere.ru
3835,opensuse.org
3839,rocketmoney.dev
3846,unam.mx
3850,eatingwell.com
3852,similarweb.com
3854,uc.cn
3855,freshchat.com
3860,google.sk
3861,hinet.net
3868,spreaker.com
3870,google.hr
3877,todoist.com
3886,bunny.net
3889,jito.wtf
3890,gamesradar.com
3892,worldcat.org
3894,ripe.net
3898,aditude.io
3916,raspberrypi.org
3919,ymmobi.com
3932,mercedes-benz.com
3936,hubpages.com
3937,manchestereveningnews.co.uk
3940,telstra.com
3954,yandex.kz
3955,clmbtech.com
3959,loopia.se
3962,uwaterloo.ca
3974,clinicaltrials.gov
3980,google.lv
4005,yandex.com.tr
4007,google.kz
4027,linkr.bio
4029,docusign.net
4033,brandbucket.com
4034,usbx.me
4041,snowflake.com
4044,rfi.fr
4045,thekitchn.com
4051,fubo.tv
4058,google.co.cr
4065,phpbb.com
4067,flipsnack.com
4070,wsu.edu
4073,tabletcaptiveportal.com
4083,illumin.com
4087,navyfederal.org
4088,unhcr.org
4095,techsmith.com
4097,skroutz.gr
4114,arbeitsagentur.de
4117,google.co.uz
4121,db.com
4122,bbcgoodfood.com
4128,tmdb.org
4130,ximalaya.com
4131,weborama.fr
4133,otzovik.com
4136,google.ge
4145,ctrip.com
4146,mac.com
4149,alamy.com
4152,idealo.de
4155,alexa.com
4156,gnome.org
4159,modrinth.com
4162,myworkday.com
4174,chrome.com
4183,rapidssl.com
4188,amazon.ae
4189,urban-vpn.com
4196,estadao.com.br
4202,10jqka.com.cn
4210,cpi.ad.jp
4211,a2hosting.com
4212,247sports.com
4213,lenovo.com.cn
4218,doubleclick.com
4221,icio.us
4231,google.az
4238,getjobber.com
4239,peatix.com
4244,snigelweb.com
4263,google.com.kh
4268,pbase.com
4272,fireoscaptiveportal.com
4273,grok.com
4286,o2.pl
4290,vidio.com
4302,getbeamer.com
4312,redgifs.com
4313,digitaltarget.ru
4318,smooch.io
4320,cnrs.fr
4321,sureserver.com
4328,navdmp.com
4333,torproject.org
4336,wowhead.com
4342,swr.de
4351,iz.ru
4355,lifewire.com
4359,merchant-center-analytics.goog
4365,piojm.tech
4366,preply.com
4376,garant.ru
4377,therealreal.com
4378,canva.site
4379,arkoselabs.com
4380,exodus.io
4384,syncthing.net
4385,sciencealert.com
4387,google.com.bh
4392,cafebazaar.ir
4397,prreqcroab.icu
4401,nsf.gov
4419,ebay.ca
4428,storygize.net
4445,google.al
4453,tbs.co.jp
4475,fnac.com
4478,eastmoney.com
4484,tradedoubler.com
4487,harborfreight.com
4495,uuidksinc.net
4500,youdao.com
4505,vkuserphoto.ru
4512,quad9.net
4532,copper6.com
4537,myportfolio.com
4539,alarm.com
4548,cloudflarestatus.com
4549,acast.com
4552,kayak.com
4570,irdeto.com
4573,usp.br
4578,razorpay.com
4586,swiggy.com
4587,g2.com
4591,amung.us
4597,mydlink.com
4605,domain.com
4613,dns.com
4614,reasonsecurity.com
4619,bspb.ru
4620,blackboard.com
4625,nakheelteam.cc
4641,dtscout.com
4644,cybera.net
4654,geoipcheck.com
4664,memcached.org
4667,ghost.org
4681,hismarttv.com
4682,puma.com
4683,adxpremium.services
4684,temp-mail.org
4685,xhpingcdn.com
4695,rcdn-web.com
4696,casasbahia.com.br
4703,searchenginejournal.com
4705,pochta.ru
4716,findmykids.org
4726,my.games
4727,gdms.cloud
4728,svt.se
4731,xda-developers.com
4738,jp.net
4747,skyrock.net
4752,hdfcbank.com
4753,google.com.pa
4756,samsungotn.net
4759,draftkings.com
4762,campaign-archive.com
4764,srf.ch
4770,lever.co
4774,overleaf.com
4781,caranddriver.com
4807,archive.is
4819,chegg.com
4820,elong.com
4827,emirates.com
4830,yr.no
4832,clicktripz.com
4834,directnic.com
4842,uu.nl
4851,termly.io
4869,walmart.ca
4871,royalcaribbean.com
4872,webtoons.com
4890,google.com.np
4892,simplyrecipes.com
4893,videoamp.com
4908,moma.org
4918,sumup.com
4927,onlamp.com
4931,backtrace.io
4934,icicibank.com
4938,stripchatgirls.com
4940,epam.com
4967,returnyoutubedislikeapi.com
4972,tripadvisor.in
4973,blick.ch
4980,slickstream.com
4981,pravda.com.ua
4984,krone.at
4988,gopro.com
4999,teacherspayteachers.com
5011,obihai.com
5014,qodeinteractive.com
5022,optable.co
5043,kvant-telecom.ru
5044,boe.es
5062,getdropbox.com
5064,samhsa.gov
5068,codedish.co
5094,francetvinfo.fr
5096,shawcable.net
5102,rj.link
5111,tricolor.tv
5122,solitaired.com
5150,ijg.org
5167,rutracker.org
5177,amazonses.com
5181,lifeaiot.com
5190,ashemaletube.com
5193,shrm.org
5211,visualcapitalist.com
5219,transfermarkt.com
5223,ahnlab.com
5250,pdf24.org
5264,nestle.com
5267,rosintel.com
5279,rudderlabs.com
5287,swagbucks.com
5307,informer.com
5308,thomann.de
5316,booth.pm
5320,3m.com
5321,irna.ir
5327,sendgrid.com
5329,bzsn.ru
5342,pdflib.com
5357,ebscohost.com
5367,health.com
5371,momoshop.com.tw
5373,hextom.com
5386,resetdigital.co
5392,icons8.com
5409,rainews.it
5422,iherb.com
5428,studocu.com
5441,menards.com
5447,tripadvisor.es
5458,apache-ssl.org
5464,godaddysites.com
5475,exs.pl
5483,pantip.com
5485,huya.com
5486,s5h.net
5505,basecamp.com
5507,motherjones.com
5520,getcomposer.org
5524,smashingmagazine.com
5527,dnb.com
5533,news-medical.net
5536,hostingradio.ru
5544,auctollo.com
5551,chinatimes.com
5555,nhk.jp
5557,real.com
5563,observer.com
5566,xgroovy.com
5567,wolframalpha.com
5589,betterhelp.com
5591,sandiegouniontribune.com
5604,thegamer.com
5615,123rf.com
5616,fireeye.com
5624,dyn.com
5632,pushnami.com
5645,grafana.net
5646,verizonwireless.com
5647,lulu.com
5649,gpo.gov
5658,dn.se
5673,flat-ads.com
5678,delfi.ee
5679,sputniknews.com
5682,rogers.com
5717,wikimapia.org
5722,neocities.org
5723,goindigo.in
5724,datacamp.com
5740,lokalise.com
5761,opaque.net
5766,sage.com
5767,wto.org
5768,okko.tv
5769,agenziaentrate.gov.it
5800,homedepot.ca
5806,gla.ac.uk
5810,codeplex.com
5820,robertsspaceindustries.com
5821,cloud.sap
5832,vinted.fr
5834,python.ca
5839,flurry.com
5846,storyblok.com
5854,leroymerlin.com
5860,betfair.com
5863,bell.ca
5867,imagemagick.com
5869,bunnings.com.au
5877,immowelt.de
5882,scotsman.com
5894,pfizer.com
5896,raiplay.it
5915,origin.com
5922,telefonica.com
5930,onepeloton.com
5932,biography.com
5938,bmwgroup.com
5939,blogspot.com.es
5952,digitalturbine.com
5962,supremecourt.gov
5976,rbc.ua
5978,currys.co.uk
5980,ultipro.com
5981,iaai.com
5984,blogspot.fr
5985,adsmeasurement.com
5996,liputan6.com
6000,madurird.com
6007,obozrevatel.com
6011,tilda.ws
6012,kidshealth.org
6045,very.co.uk
6048,ihc.ru
6052,360.com
6070,symfony.com
6072,tate.org.uk
6073,jobstreet.com
6074,mercadolibre.cl
6075,ricoh.com
6076,androidauthority.com
6079,newsnow.co.uk
6083,blinkit.com
6096,exponea.com
6097,zdbb.net
6098,love4porn.com
6101,bitcoin.com
6115,earth.com
6120,shell.com
6122,dhnet.be
6125,meinbezirk.at
6126,webnode.com
6129,tui.co.uk
6130,schneider-electric.com
6141,stripchat.global
6147,action.com
6156,googlemail.com
6161,michelin.com
6177,sberbank-tele.com
6179,bookshop.org
6191,theintercept.com
6203,thanhnien.vn
6226,ghanaweb.com
6227,cdn-net.com
6245,ipapi.co
6247,google.co.vi
6248,xhamster3.com
6250,ku.edu
6255,twitcasting.tv
6259,basalam.com
6261,stitcher.com
6267,pcpartpicker.com
6276,gbnews.com
6298,utk.edu
6299,honeygain.com
6322,c212.net
6340,goibibo.com
6344,msbl.org
6349,fresha.com
6351,google.jo
6361,turner.com
6368,gwars.io
6372,cardinalcommerce.com
6375,famousbirthdays.com
6378,univision.com
6387,datatables.net
6402,coppel.com
6407,neopets.com
6409,tiscali.it
6415,aiscore.com
6419,erne.co
6421,gayporntube.com
6427,freecash.com
6437,missena.io
6444,gohugo.io
6452,jbhifi.com.au
6461,swisscom.ch
6465,rfa.org
6467,adultfriendfinder.com
6471,wikidata.org
6476,google.cm
6492,lepoint.fr
6502,elo7.com.br
6511,prothomalo.com
6523,lendingtree.com
6528,dealer.com
6530,lidl.com
6531,volkswagen.de
6532,mobalytics.gg
6534,microchip.com
6535,maharashtra.gov.in
6546,playdigo.com
6552,5ch.net
6568,worldwildlife.org
6580,truthsocial.com
6583,dawninternet.com
6596,justiceforclayton.com
6598,yesstyle.com
6602,nghttp2.org
6606,themeansar.com
6608,joinhandshake.com
6626,thumbtack.com
6632,weplayapp.com
6635,boticario.com.br
6637,seznamzpravy.cz
6641,futbol24.com
6644,azure.cn
6669,crowd-umlaut.com
6670,suruga-ya.jp
6674,rferl.org
6677,britishmuseum.org
6679,networksolutions.com
6689,google.ht
6692,espressif.com
6701,cmail20.com
6702,abema.tv
6703,telewebion.com
6713,51cg1.com
6718,24tv.ua
6723,tvbs.com.tw
6728,hertz.com
6731,link.space
6735,st.com
6742,pcgamesn.com
6743,cdkeys.com
6759,whoop.com
6765,my-best.com
6769,videa.hu
6772,medallia.eu
6777,di.se
6780,lexpress.fr
6781,erothots.co
6787,truex.com
6793,imgflip.com
6794,thecut.com
6803,sendinblue.com
6811,intensedebate.com
6812,tantanapp.com
6813,zbporn.com
6821,metacritic.com
6822,porngameshub.com
6833,theathletic.com
6836,sezzle.com
6837,tokyvideo.com
6841,thetvapp.to
6844,digistorm.com
6855,stihi.ru
6864,nt.technology
6888,nspk.ru
6903,dome9.com
6906,euractiv.com
6912,bp.com
6913,papercut.com
6922,caelumbee.co.uk
6927,thermofisher.com
6928,lanouvellerepublique.fr
6932,pgammedia.com
6938,tpmn.io
6939,tienphong.vn
6940,yeastar.com
6947,firstpost.com
6955,monopolygo.com
6956,monetixads.com
6960,bookmark.xxx
6967,adam4adam.com
6970,guim.co.uk
6971,jiomart.com
6977,viva.co.id
6984,toongod.org
6985,horoscope.com
6995,kariyer.net
7000,tpmn.co.kr
7018,vewd.com
7023,jet2holidays.com
7034,sindonews.com
7035,brusnika.ru
7041,medicalxpress.com
7045,listrakbi.com
7054,geetest.com
7055,talksport.com
7056,haproxy.org
7059,cartacapital.com.br
7070,provenexpert.com
7071,cpsc.gov
7083,kino-teatr.ru
7088,maine.gov
7092,ngl.link
7101,nova.cz
7104,openfpcdn.io
7107,google.is
7113,bidmatic.io
7122,yougov.com
7126,jpn.com
7134,apkmody.com
7152,rhombus.com
7155,amazon.jobs
7159,glassdoor.co.in
7161,cafef.vn
7167,ottadvisors.com
7168,bitcoin.org
7184,lioden.com
7186,super.cz
7191,kenh14.vn
7220,heroeswm.ru
7226,asm.org
7227,censor.net
7233,javtiful.com
7234,thewsoral.com
7242,uitm.edu.my
7261,nanocosmos.de
7264,dailyhunt.in
7272,hotnews.ro
7279,toyota.jp
7282,oikotie.fi
7286,telex.hu
7291,tk0x1.com
7293,astrumnival.com
7300,marmiton.org
7316,afip.gob.ar
7318,rat.xxx
7321,hdroom.xxx
7322,procore.com
7323,google.lk
7341,libertatea.ro
7352,helpme.net
7366,sbicard.com
7370,ngrok.com
7371,spacebattles.com
7372,donedeal.ie
7376,ixigo.com
7379,sejda.com
7382,google.mn
7388,unioneeu.com
7392,google.ci
7394,tamin.ir
7395,croma.com
7405,insurads.com
7409,travelandtourworld.com
7441,goodsync.com
7447,tubidy.cv
7463,sport.ua
7465,sf.net
7467,boulanger.com
7476,e-mark.nl
7478,gay0day.com
7482,fotmob.com
7483,datastax.com
7493,netfree2.cc
7505,usabilla.com
7523,uquiz.com
7525,mcdonalds.co.jp
7532,gx.games
7537,meshok.net
7538,wb.com
7542,ponta.jp
7554,kiabi.com
7555,bitget.com
7559,forbesjapan.com
7560,sandai.net
7563,delicious.com
7564,abcnews.com
7567,losandes.com.ar
7574,dxc.com
7575,pusherapp.com
7579,sambaporno.com
7594,ilrestodelcarlino.it
7597,emulatorgames.net
7619,google.co.bw
7620,cashify.in
7625,bqstreamer.com
7629,kit.edu
7631,rmf24.pl
7646,liverpoolecho.co.uk
7650,scribblehub.com
7651,ladbrokes.com
7667,doctoreto.com
7670,gadsme.com
7675,acuityscheduling.com
7681,capital.gr
7689,goldmansachs.com
7704,autotrader.co.za
7705,paziresh24.com
7706,amazon.work
7712,filmstarts.de
7721,bonprix.de
7725,bayer.com
7727,work.ua
7730,videojs.com
7732,ccc.eu
7737,yourdictionary.com
7741,google.cg
7746,thumbzilla.com
7748,browser-intake-us5-datadoghq.com
7749,skai.gr
7763,jetpunk.com
7771,conforama.fr
7774,matalan.co.uk
7775,five9.com
7785,jpmorganchase.com
7786,aksam.com.tr
7788,adelaide.edu.au
7792,telegraf.rs
7796,expo.dev
7803,fanfox.net
7818,pornpics.de
7823,gmw.cn
7826,chimpstatic.com
7833,vudu.com
7834,bestjavporn.com
7851,inkscape.org
7861,superbthemes.com
7876,soha.vn
7878,musixmatch.com
7888,oceanofpdf.com
7898,record.com.mx
7910,transformativeworks.org
7911,yadro.ru
7923,google.mw
7924,startech.com.bd
7932,labanquepostale.fr
7935,felissimo.co.jp
7938,choicehotels.com
7944,forebet.com
7948,instiz.net
7957,filmesporno.xxx
7963,evidence.com
7966,xtime.com
7969,diariouno.com.ar
7980,deckshop.pro
7986,forocoches.com
7987,iefimerida.gr
7988,apartmenttherapy.com
7989,polsatnews.pl
7991,endorphina.network
7994,cra.cz
7999,matrix.org
8016,adultwork.com
8018,1gt.ru
8019,cimri.com
8020,booklive.jp
8023,google.com.jm
8027,vtcnews.vn
8032,wcoflix.tv
8034,zing.vn
8035,lpsg.com
8040,mediafax.ro
8047,xhtotal.com
8052,siteimproveanalytics.com
8053,ntvspor.net
8057,looti.org
8058,thrillist.com
8068,entekhab.ir
8075,redbus.in
8085,vegoutmag.com
8093,ku.dk
8100,google.com.sb
8101,doubao.com
8113,digitalspy.com
8116,mileroticos.com
8122,business2community.com
8127,fineartamerica.com
8140,google.mu
8142,elwatannews.com
8148,blackbox.ai
8152,br.com
8158,yiv.com
8164,danviet.vn
8171,anybunny.org
8174,darknessporn.com
8177,ozon.by
8184,vine.co
8189,rockwellautomation.com
8192,jjgirls.com
8196,abadis.ir
8199,crashplan.com
8200,sacbee.com
8201,tiempo.com
8206,stoiximan.gr
8254,tryfi.com
8256,snapsave.app
8257,which.co.uk
8284,delishkitchen.tv
8291,transfermarkt.it
8292,tabletki.ua
8295,wnp.pl
8302,newsit.gr
8310,orlandosentinel.com
8322,remaker.ai
8330,7dak.com
8336,jsfiddle.net
8341,enuygun.com
8343,goldbet.it
8348,lokmat.com
8349,google.com.sl
8366,porno-zona.com
8369,novelpia.com
8382,snowmtl.ru
8386,nutanix.com
8387,nic.cz
8388,bluebeam.com
8389,googlecode.com
8393,ouo.press
8394,datezone.com
8395,zalando.es
8401,surveoo.com
8402,web.com
8429,tru.am
8437,iberia.com
8438,veikkaus.fi
8451,google.td
8457,otakudesu.cloud
8463,ovrc.com
8468,mercantilbanco.com
8470,iobit.com
8473,beget.tech
8474,ih31.com
8495,tattle.life
8510,volaris.com
8517,healthcare.gov
8520,trashbox.ru
8526,queensu.ca
8541,komiku.asia
8547,arizona-rp.com
8569,nefisyemektarifleri.com
8575,avito.ma
8584,sageone.co.za
8587,nitrotype.com
8591,confirmtkt.com
8592,sports.fr
8597,anonymised.io
8599,ssrchat.com
8606,pushlycdn.com
8614,ikman.lk
8615,aidemsrv.com
8616,vbet.am
8630,oxu.az
8644,hsex.men
8645,belluna.jp
8651,matrp.ru
8657,arabtnt.com
8662,exodusjailhousetarantula.com
8670,rajwap.cc
8680,voetbalzone.nl
8682,empiresandpuzzles.com
8686,win2day.at
8687,airbus.com
8695,helpguide.org
8696,ifttt.com
8699,canalblog.com
8701,halktv.com.tr
8714,leroymerlin.pl
8729,forsal.pl
8730,vistarsagency.com
8735,nustargame.com
8744,taylorfrancis.com
8745,brainly.com.br
8762,mycloud.com
8772,xumo.com
8773,teletype.in
8778,diabetes.org
8779,mydesi2.net
8788,pkok11.com
8802,retargetly.com
8808,blitz.bg
8834,zougla.gr
8840,ib-game.jp
8843,wapoz.info
8844,google.bf
8854,darkero.com
8859,vlxx.bz
8875,resultadofacil.com.br
8880,soundestlink.com
8890,mintmanga.one
8892,hianimez.to
8897,receptivity.io
8898,nan-net.com
8908,gulfsexxx.com
8910,rst.ua
8915,skyscanner.it
8917,asp.net
8927,qqq-ttss.su
8941,ntc.net.np
8944,bluewin.ch
8953,arenaplus.net
8958,utraff.com
8960,escapefromtarkov.com
8966,bobaedream.co.kr
8968,viralkand.com
8972,google.je
8977,printix.net
8987,impots.gouv.fr
8999,whattoexpect.com
9002,starfieldtech.com
9007,dni.expert
9018,purelovers.com
9026,bmo.com
9029,remitly.com
9030,szerencsejatek.hu
9038,learncbse.in
9044,getrushapp.com
9047,nozomi.la
9049,videorush-app.com
9061,trafficnews.jp
9066,jovencitas.gratis
9067,google.rw
9068,dnevno.hr
9070,s2517.com
9072,iliad.it
9085,avplayer.com
9087,appmedia.jp
9099,thethaovanhoa.vn
9100,dzone.com
9103,ukrainianwall.com
9110,seesaa.net
9117,honor.com
9131,actualno.com
9144,envoyer.io
9176,search-io.com
9189,chochox.com
9193,redmas.com.co
9198,diariodolitoral.com.br
9205,augipt.com
9209,focus-news.net
9210,krikya11.net
9216,piaotia.com
9219,samehadaku.now
9223,evexxx.com
9228,topcinema.cam
9235,blockchain.info
9243,you-porn.com
9253,sokmil.com
9260,allfreenovel.com
9277,avidreaders.ru
9285,gameloop.com
9295,google.com.fj
9303,workspaceair.com
9312,zurnal24.si
9325,goraggio.com
9332,mcpedl.org
9345,kiryuu01.com
9355,google.to
9369,net-empregos.com
9372,selfstudys.com
9379,sorrisi.com
9391,elintransigente.com
9392,simplevoip.us
9402,9anime.org.lv
9409,ncl.ac.uk
9422,portalbrasil.net
9435,ikiru.wtf
9458,new88bi.com
9461,qualaroo.com
9462,channelmyanmar.to
9464,catalunyadiari.com
9469,escort-advisor.com
9474,elevate.cafe
9481,dnews.gr
9487,minhngoc.net.vn
9494,betpawa.co.tz
9504,hotindianporn.cc
9511,xrea.com
9514,shaugacakro.net
9521,24videos.cc
9522,stocktwits.com
9528,zeturf.com
9533,3rabxn.com
9537,buumal.com
9544,hotosena.com
9545,modaselvim.com
9547,servogram.io
9555,mynexia.com
9574,mn.gov
9577,alerts.in.ua
9581,nukistream.com
9590,bplay.bet.ar
9591,monica.im
9595,hpsmart.com
9596,onibusbrasil.com
9599,finya.de
9603,sslkn.mobi
9617,presseportal.de
9625,watchanimeworld.in
9636,d-deltanet.com
9639,koselarab.com
9651,obramat.es
9655,plovdiv24.bg
9658,wemod.com
9662,masstamilan.dev
9664,bokepindoh.yoga
9667,vivatok.com
9668,sixt.com
9669,pastelink.id
9672,sapphireonline.pk
9685,hiwebxseries.com
9709,cri.cn
9710,azureserv.com
9714,aloalobahia.com
9717,vegamovies.frl
9723,galaxymanga.net
9731,workman.jp
9738,playsport.cc
9750,shuminoengei.jp
9760,pirlotv.pl
9773,damoang.net
9774,niconsul.com
9787,cisf.gov.in
9791,sproutgigs.com
9794,sarapbabe.com
9796,its52.com
9798,fairyanime.net
9815,xnxxnx.info
9821,azeriseks.org
9826,blackmagicdesign.com
9828,sextop1.movie
9840,so-net.ne.jp
9859,overstock.com
9866,udiseplus.gov.in
9868,xhnature.world
9869,bet365.bet.ar
9873,sm3ha.mx
9875,sportsplus.ph
9883,gossip-tv.gr
9884,pornoborshch.com
9899,catonetworks.com
9905,alpha-hen.com
9910,vidmate-official.com
9911,loteriadehoy.com
9924,hentaivietsub.com
9925,futurelearn.com
9933,ondigitalocean.com
9937,poshantracker.in
9938,mydesixxx.com
9943,meteored.cl
9948,swiftgear.autos
9956,letsgomartin.com
9961,napps-1.com
9969,ebalovo.click
9973,masa49.com
9974,djpunjab.is
9977,betpawa.rw
9999,dewafilm.xyz
10000,roadsteam.net
10007,welovetennis.fr
10008,pinayflix.me
10013,animedekho.co
10014,movielinkbd.sbs
10017,novosti-murmanskoy-oblasti.ru
10021,photoroom.com
10023,anilife.live
10026,babu88.gold
10049,workupjob.com
10051,cbseit.in
10052,xmaza.org
10053,linkkf.net
10057,jappy.com
10061,moviesda.free
10064,ramesh247.com
10071,ylilauta.org
10082,avsubthai.me
10089,redactie24.be
10091,healthychildren.org
10093,e-jumbo.gr
10103,cdbaby.com
10104,nishatlinen.com
10116,moviezwap.pink
10125,sbrf.ru
10129,gracenote.com
10140,fulldesisex.com
10142,quiz-facts.com
10148,quadlayers.com
10151,erotikchat4free.org
10153,meteofor.lt
10154,gali-result.in
10159,cairo.gov.eg
10162,soydelmillo.com
10177,ingentaconnect.com
10183,yonovip.io
10188,v6velugu.com
10199,avlyun.com
10200,lectio.dk
10201,v6dgine.com
10203,tvguru.cz
10206,lover937.net
10207,zamalektoday.com
10210,sc.edu
10211,google.com.tj
10216,vegamovies.yoga
10220,duba.net
10225,hackerone.com
10237,elcabildo.org
10238,chime.com
10242,betclic.ci
10247,ngrok-free.app
10258,in3x.net
10271,allyonoapp.in
10273,tdgall.com
10274,arabhubx.site
10282,yampiz.com
10283,smakosze.pl
10294,sgxnifty.org
10313,naasongs.com.co
10316,radiotrek.rv.ua
10332,dualeotruyenl.com
10333,1goplus.com
10334,66lottery20.com
10342,just-smilenext.jp
10351,xxxtubevideos.click
10355,thailotto.net
10357,hdhub4u.gl
10363,pyrus.com
10364,fly.io
10367,alastonsuomi.com
10382,ojun88.vip
10385,amedia.biz
10395,eschool.edu.ps
10411,s3601.com
10418,natega4dk.net
10425,desiremovies.cologne
10429,futuredigiassets.com
10432,shillongteerground.com
10433,xn--2-5wfa4ela2i1bd1ood.com
10434,100panel.com
10438,9xflix.yoga
10440,khelo24match.com
10441,2pay666.com
10444,largesexyvideos.com
10454,1exch.net
10457,needsofpublic.in
10460,xn--42c6baga2dd6da0eti2a8e8a.com
10470,hindibluefilm.net
10477,skymovieshd.dance
10486,thenounproject.com
10490,movies4u.fo
10496,xn--72cc8aul7gxbl0d4etdk.com
10497,isolr.fr
10514,blacktoon375.com
10516,gece.az
10517,hotindianvids.com
10534,educationdz.com
10536,ajira.go.tz
10537,arcgisonline.com
10538,purestorage.com
10542,ssc.nic.in
10553,aman-alexistogel.com
10563,hela-lanka.com
10577,olxjantung.com
10593,tkor032.com
10603,krakow.pl
10605,mouseflow.com
10611,zimad.com
10621,trivago.com
10632,homegate.ch
10639,heritage.org
10654,adup-tech.com
10655,lamoda.ru
10659,google.ga
10661,tweakers.net
10665,ccsd.net
10669,texastribune.org
10670,bootstrapmade.com
10676,lenta.com
10691,sharefile.com
10696,nationaltrust.org.uk
10699,playwire.com
10718,doe.gov
10719,rebuyengine.com
10731,livejasmin.com
10733,mossport.ru
10738,hsappstatic.net
10743,technolutions.net
10744,syfy.com
10748,rijksoverheid.nl
10751,nitrocdn.com
10754,naviance.com
10758,egihosting.com
10762,quoracdn.net
10763,badoocdn.com
10768,2k.com
10772,leo.org
10774,joins.com
10778,ucm.es
10799,crossref.org
10801,rtb-stack.com
10806,sweetwater.com
10817,socialmediatoday.com
10823,onlineradiobox.com
10827,foodnetwork.co.uk
10841,carriersignal.info
10847,awin.com
10849,allianz.de
10854,bdimg.com
10856,epson.com
10873,bancosantander.es
10878,umontreal.ca
10883,churchcenter.com
10885,kansascity.com
10890,transunion.com
10891,unilever.com
10892,rtl.fr
10901,connman.net
10914,verifone.com
10919,balena-cloud.com
10923,redfast.com
10924,mediav.com
10928,ladbible.com
10936,iconify.design
10938,dan.com
10945,iyfubh.com
10967,cleanbrowsing.org
10973,adspector.io
10980,amperwave.net
10981,easeus.com
10987,getgreenshot.org
10993,exct.net
10998,parsec.app
11004,bmw.com
11026,gate.io
11069,wiki.gg
11075,gototraining.com
11077,splashthat.com
11087,artsy.net
11091,unleash-hosted.com
11098,mycdn.me
11109,imagekit.io
11124,tue.nl
11125,hotornot.com
11127,highspeedinternet.com
11128,gxcorner.games
11131,lesoir.be
11137,babbel.com
11140,foxitsoftware.com
11141,publix.com
11147,luckyorange.com
11148,cloudlinux.com
11149,hotpads.com
11159,gofastchat.com
11161,myharmony.com
11166,xmeye.net
11169,vocabulary.com
11178,bundesregierung.de
11187,gsk.com
11190,cloud.ru
11191,sitepoint.com
11197,bloomsbury.com
11199,abc7.com
11209,pof.com
11218,georgia.gov
11222,care.com
11225,ktalk.ru
11240,ncaa.com
11241,ufc.com
11244,aappublications.org
11248,csgo.com
11264,zblogcn.com
11267,mattermost.com
11269,globalprivacycontrol.org
11272,chargepoint.com
11273,dtln.ru
11280,labcorp.com
11287,plyr.io
11289,veeqo.com
11303,retailrocket.ru
11310,blogspot.it
11313,tulane.edu
11336,sc.gov
11339,blockchain.com
11340,juniper.net
11362,seenthis.se
11365,tapclap.com
11372,oracleindustry.com
11375,wikileaks.org
11384,thepaper.cn
11385,exeter.ac.uk
11390,keepersecurity.com
11399,lu.ma
11416,ballotpedia.org
11417,huawei.ru
11420,lacoste.com
11422,glasswire.com
11430,as.me
11440,learnings.ai
11442,auswaertiges-amt.de
11460,avastbrowser.com
11481,inditex.com
11489,metlife.com
11492,dstillery.com
11514,au.dk
11521,brandcdn.com
11550,biblestudytools.com
11554,colibriwp.com
11558,muckrack.com
11559,qortex.ai
11566,couchsurfing.com
11575,32red.com
11577,tensorflow.org
11585,cdnhwc10.com
11598,thescottishsun.co.uk
11602,programmatica.com
11603,nrel.gov
11604,cloudconvert.com
11607,hardrock.com
11611,vestiairecollective.com
11612,boyuanhulian.com
11622,syndigo.com
11634,sslip.io
11646,arm.com
11649,restream.io
11651,karger.com
11653,gawker.com
11661,codeproject.com
11668,nereserv.com
11669,gotomeet.me
11674,uab.edu
11677,melon.com
11680,ajay.app
11681,nebra.com
11682,uschamber.com
11698,tau.ac.il
11702,frame.io
11705,bri.co.id
11706,geojs.io
11707,realclearpolitics.com
11712,doh.pub
11728,nationwide.com
11729,bcb.gov.br
11733,superdrug.com
11735,gepush.com
11736,liveleak.com
11740,postman.co
11742,advanseads.com
11751,idexx.com
11754,adjust.net.in
11760,alibabacloud.com
11765,hubvisor.io
11766,real-debrid.com
11794,usepylon.com
11799,pix.pub
11801,datawire.net
11814,ing.com
11815,blackberry.net
11824,mobiusltd.com
11830,uni-muenster.de
11838,servetraff.com
11845,oberlo.com
11870,augsburger-allgemeine.de
11871,trafficstars.com
11881,trackcmp.net
11886,58.com
11887,ndcimgs.com
11892,nutaku.net
11893,kugou.net
11895,stylitics.com
11897,gofund.me
11907,itopsdk.com
11912,totaljobs.com
11921,dialpad.com
11922,kennasecurity.com
11923,sma.de
11942,pump.fun
11950,rabobank.nl
11962,libanswers.com
11963,transip.eu
11966,weather2024.com
11967,ihk.de
11976,devpost.com
11977,gcu.edu
11984,eventbrite.ca
12010,podio.com
12018,mlgnr.com
12020,mopub.com
12027,ssllabs.com
12028,fortiguard.com
12036,netlifyglobalcdn.com
12037,aqara.com
12046,mios.com
12048,24smi.net
12053,imolive.tv
12056,clearbit.com
12065,cognizant.com
12076,democracynow.org
12078,statically.io
12079,bill.com
12091,samsungdmroute.com
12095,finnair.com
12096,vancouversun.com
12100,yubico.com
12101,aig.com
12102,netcraft.com
12103,avada.com
12106,skyrock.com
12108,flowroute.com
12112,pubhtml5.com
12120,iqiyipic.com
12121,ugr.es
12140,allarknow.online
12154,xplosion.de
12167,maxroll.gg
12170,talent.com
12179,flirtify.com
12188,gosquared.com
12194,wlvpn.com
12199,ntnu.no
12204,golem.de
12208,fwupd.org
12214,traveltowngame.net
12216,gemini.com
12225,microad.jp
12236,kwaizt.com
12238,xdaforums.com
12251,sbercloud.ru
12252,digiseller.com
12253,europeana.eu
12262,chickgoddess.com
12276,seasungamescdn.com
12279,yclients.com
12284,stretchoid.com
12286,mailgun.org
12287,prevention.com
12298,infinitepay.io
12313,imghosts.com
12316,cldin.eu
12338,asapp.com
12343,bnnbloomberg.ca
12346,belfasttelegraph.co.uk
12363,goodnotes.com
12367,tsite.jp
12373,homeaffairs.gov.au
12377,section.io
12401,blibli.com
12403,goneo.de
12417,ststandard.com
12421,iwara.tv
12430,keybase.io
12437,addevent.com
12441,survata.com
12473,louisiana.edu
12474,tzegilo.com
12475,sparkpost.com
12476,ebird.org
12506,ukrpack.net
12514,pornhubpremium.com
12515,themuse.com
12518,health.gov.au
12526,marketplace.org
12527,whois.com
12529,babylist.com
12530,just-eat.com
12533,thehindubusinessline.com
12535,suse.com
12536,lanl.gov
12543,hhpp.com
12549,amcrestcloud.com
12550,rsf.org
12551,dkimwl.org
12561,id.me
12568,netdata.cloud
12570,byrdie.com
12579,wallpapercave.com
12590,dergipark.org.tr
12597,uni-goettingen.de
12617,zproxy.org
12629,agoda.net
12636,hostelworld.com
12637,z-library.sk
12642,qishui.com
12646,uni-leipzig.de
12652,ecopsy.com
12653,southampton.ac.uk
12654,tctm.co
12657,talon-sec.com
12659,kw.com
12661,xaas.systems
12666,blogspot.com.br
12671,dummies.com
12672,immersivetranslate.com
12681,dvidshub.net
12691,mitel.io
12698,appleiphonecell.com
12703,netatmo.com
12708,charlestonroadregistry.com
12724,authy.com
12727,redspell.ru
12733,coosync.com
12741,abnamro.nl
12749,trustedshops.com
12753,gotolstoy.com
12760,supremocontrol.com
12769,ibispaint.com
12778,coolacloud.com
12780,smallbiztrends.com
12798,scitechdaily.com
12802,trustwallet.com
12815,q4inc.com
12818,pinger.com
12820,vogue.it
12832,eveonline.com
12835,flerap.com
12839,dreamwidth.org
12841,blogblog.com
12852,xsolla.com
12864,tik.porn
12869,meliuz.com.br
12871,onclckmetrics.com
12887,mnaspm.com
12889,titan.email
12896,zonatelecom.ru
12903,optifyr.com
12907,nybooks.com
12913,lalibre.be
12918,beijing.gov.cn
12923,6sense.com
12928,stepstone.de
12929,tvg.com
12930,publicnode.com
12938,rappler.com
12950,adtarget.com.tr
12951,unirioja.es
12954,360totalsecurity.com
12956,pximg.net
12961,xdrig.com
12963,solo.to
12965,xoom.com
12968,adme.media
12995,idailybible.com
12999,g2288.com
13007,nexcess.net
13008,pinterest.es
13021,slides.com
13034,uni-bremen.de
13038,dal.ca
13045,data.gov.uk
13062,rhombussystems.com
13064,mapy.com
13070,sportngin.com
13074,vps-server.ru
13082,servicetitan.com
13095,converteai.net
13122,renweb.com
13128,1024tera.com
13131,basis.net
13144,chalmers.se
13161,utopia.de
13165,routeviews.org
13169,ahrq.gov
13170,jetpack.com
13176,paykeeper.ru
13180,constantcontactpages.com
13183,urmombl.com
13186,moack.co.kr
13196,uts.edu.au
13197,surrey.ac.uk
13202,aao.org
13203,gadgets360.com
13213,indeed.net
13214,packetsdk.io
13217,k2.cloud
13226,mtu.edu
13230,blogspot.jp
13233,doximity.com
13236,researchandmarkets.com
13240,qiezibenpao.com
13243,discoverfinancial.com
13257,thetake.com
13259,adobeaemcloud.com
13265,inpvp.net
13266,ip.sb
13272,microsoftcasualgames.com
13279,nhnace.com
13282,sendmetr.com
13287,orbitz.com
13290,sumup.net
13299,shengboglobal.com
13300,kinsta.com
13317,simplilearn.com
13320,carrier.com
13323,contently.com
13329,lightwidget.com
13343,foxsports.com.au
13349,ada.gov
13353,newsobserver.com
13364,uymgg1.com
13371,notcardboard.com
13378,pngwing.com
13385,fb.gg
13396,hypic.com
13398,imvu.com
13408,sonarr.tv
13416,nphost.co.za
13419,avasecurity.com
13446,studiopress.com
13484,zenfolio.com
13486,3dos.io
13489,bidgx.com
13490,blurams.com
13513,saashr.com
13514,bungie.net
13528,infoplease.com
13535,glamourmagazine.co.uk
13545,pushub.net
13549,proofdns.com
13554,home.kpmg
13574,prodigygame.com
13589,opengroup.org
13590,neverssl.com
13591,sgs.com
13594,soso.com
13619,atmosphere.tv
13621,google.net
13629,speedrun.com
13637,kinsta.cloud
13638,x3os.com
13640,birdeye.com
13662,heraldsun.com.au
13665,casinist.com
13669,limetorrents.lol
13679,quicken.com
13682,bbva.com
13690,tiffany.com
13698,appsheet.com
13703,uclahealth.org
13705,logdna.com
13708,bookmsg.com
13713,canyon.com
13722,nextjs.org
13724,serverstack.com
13725,riverisland.com
13742,litatom.com
13743,zurich.com
13757,allmylinks.com
13759,admthop.com
13761,netatmo.net
13763,afrdtech.com
13776,qu.ax
13781,pixlee.co
13784,hvosting.ua
13791,iol.pt
13794,cyberhaven.io
13795,deichmann.com
13797,fairmont.com
13798,via.net
13816,ivcsmrt.com
13817,pastemagazine.com
13819,townandcountrymag.com
13823,logme.in
13826,gannett-cdn.com
13839,greasyfork.org
13848,atw.hu
13880,mackeeper.com
13892,mpl.live
13896,mihoyo.com
13902,king5.com
13916,penguin.co.uk
13920,360monitoring.io
13926,smartape.ru
13932,edoinc.com
13938,dtf.ru
13950,blogspot.nl
13951,unifi.it
13967,electricitymap.org
13977,nuro.jp
13985,abc7ny.com
13996,mercadoshops.com.ar
13997,maredpt.com
14010,post.ch
14015,ruhr-uni-bochum.de
14040,etymonline.com
14043,sherwin-williams.com
14044,chubb.com
14049,wellfound.com
14051,rlp.de
14057,hessenschau.de
14060,facct.ru
14065,spribegaming.com
14071,usenix.org
14079,tvline.com
14080,poets.org
14082,knightlab.com
14084,bhf.org.uk
14100,travelers.com
14115,percipio.com
14124,eneba.com
14125,gotoassist.me
14133,new-programmatic.com
14145,sanmar.com
14151,unibet.com
14163,adobesign.com
14169,datenschutz-generator.de
14170,aaas.org
14177,groamth.com
14188,payoneer.com
14197,123rutor.su
14203,england.nhs.uk
14209,drugabuse.gov
14223,customink.com
14225,albelli.nl
14238,diagrams.net
14240,webofscience.com
14245,saawsedge.com
14249,niadd.com
14256,monitoring360.io
14257,pfgc.com
14263,shef.ac.uk
14267,hinet.net.vn
14280,wildixin.com
14283,courthousenews.com
14302,cleantechnica.com
14303,haaretz.co.il
14306,maxsys.com.au
14310,g2crowd.com
14315,uproxx.com
14323,lanebryant.com
14338,chasepaymentechhostedpay.com
14339,accorhotels.com
14348,lucidchart.com
14356,sachsen.de
14358,mayo.edu
14362,brilliant.tech
14364,alphacoders.com
14365,prnt.sc
14366,openstreetmap.fr
14374,agilent.com
14391,britbox.com
14393,rakuten.tv
14412,iarc.fr
14415,skipthedishes.com
14418,bizport.cn
14419,moneygram.com
14428,cda.pl
14429,sankakucomplex.com
14437,passportindia.gov.in
14477,playvalorant.com
14479,citibankonline.com
14482,acexedge.com
14490,hpyjmp.com
14491,gopuff.dev
14497,boozt.com
14500,chs.net
14503,ozbargain.com.au
14563,frandroid.com
14569,datazoom.io
14575,openbsd.org
14578,wko.at
14600,dur.ac.uk
14602,leafly.com
14606,incestflix.com
14609,salary.com
14615,platformsh.site
14621,computerhope.com
14628,usyd.edu.au
14647,wcostream.tv
14651,boehringer-ingelheim.com
14654,rarathemes.com
14658,dyneti.com
14665,glovoapp.com
14670,bouyguestelecom.fr
14676,spbtv.media
14677,cyberpanel.net
14679,chng.it
14682,flocksafety.com
14687,tripadvisor.com.br
14694,quantumdex.io
14695,macrotrends.net
14698,ctan.org
14706,backcountry.com
14709,mopinion.com
14715,dairyqueen.com
14724,playbuzz.com
14725,pullandbear.com
14731,ati.su
14751,cryptocompare.com
14752,acorns.com
14753,beinsports.com
14756,megogo.net
14757,qwx.io
14761,pytorch.org
14762,sstatic.net
14763,govtrack.us
14772,porn.com
14776,cgtrader.com
14779,crowncoinscasino.com
14783,pokerstars.com
14787,instajob.ai
14790,dailynews.com
14798,uhaul.com
14799,bab.la
14814,monash.edu.au
14815,rvtrader.com
14818,olx.com.pk
14820,chaseherbalpasty.com
14821,spektrum.de
14822,sportsmans.com
14824,saatchiart.com
14825,iadb.org
14830,pn.vg
14834,guess.eu
14836,waz.de
14838,exhera.com
14842,actblue.com
14847,etix.com
14849,santander.co.uk
14855,unglobalcompact.org
14862,uxcam.com
14874,learnosity.com
14876,listennotes.com
14901,ionos.co.uk
14907,imweb.me
14911,pccomponentes.com
14918,christianitytoday.com
14924,mlssoccer.com
14928,dtic.mil
14932,royalenfield.com
14943,mta.info
14951,personaly.bid
14959,lovense.com
14967,nau.edu
14969,stake.us
14973,thinkprogress.org
14976,wootric.com
14983,cookiefirst.com
14994,umweltbundesamt.de
15001,onclckinp.com
15003,soulapp.cn
15005,adcanvas.com
15014,cyberlink.com
15022,gfsrv.net
15029,ecal.com
15056,carecredit.com
15057,analdin.com
15062,invaluable.com
15072,pho.to
15074,concordia.ca
15102,ownid.com
15114,selfridges.com
15118,urlscan.io
15119,qooh.me
15124,coccoc.com
15144,olx.bg
15146,mgln.ai
15156,healio.com
15157,rss.com
15161,malavida.com
15167,tesseractcloud.com
15173,cnbctv18.com
15178,matchvillains.com
15184,zip.co
15185,letour.fr
15186,zepeto.io
15189,rolimons.com
15193,smartfren.com
15220,printfriendly.com
15230,torrentleech.org
15246,upc.edu
15259,bestsecret.com
15271,adultswim.com
15275,refiner.io
15277,thisismoney.co.uk
15281,sleeknote.com
15297,pixsrvcs.com
15313,adlooxtracking.com
15316,manitu.net
15318,digitalcaramel.com
15326,arsenal.com
15327,newbalance.com
15331,ccn.com
15337,koreaherald.com
15350,hero-wars.com
15380,jtb.co.jp
15381,nikke-kr.com
15389,hostserv.eu
15406,mlsend.com
15408,healthaffairs.org
15414,trafficdeposit.com
15416,workvivo.com
15425,databank.com
15433,polymarket.com
15438,collegedunia.com
15448,impactify.media
15458,netvibes.com
15467,tmgrup.com.tr
15468,askmen.com
15470,betterstack.com
15471,republicworld.com
15476,gleam.io
15488,cainiao.com
15490,sennheiser.com
15491,oklahoman.com
15493,gls-group.com
15512,ezlynx.com
15528,afp.ai
15540,bpb.de
15545,dow.com
15561,feedblitz.com
15574,bitbucket.io
15575,jll.com
15595,abc7news.com
15596,microsoftcloud.com
15625,pancakeswap.finance
15635,bunte.de
15644,thepinknews.com
15656,safaricom.co.ke
15657,cert.ee
15658,yandex.eu
15659,hydrawise.com
15660,piriform.com
15676,freerepublic.com
15691,komoot.de
15705,veoh.com
15707,pharmeasy.in
15708,wallethub.com
15714,wehkamp.nl
15719,s.id
15721,macleans.ca
15729,portswigger.net
15732,pcgameshardware.de
15736,montana.edu
15748,infusionsoft.com
15750,zspeed-cdn.com
15752,slicelife.com
15760,smartinsights.com
15761,chabad.org
15771,the-independent.com
15773,axa.com
15774,openclipart.org
15777,dable.io
15786,extendthemes.com
15791,rvikjd.com
15792,hamariweb.com
15794,clio.com
15798,exclaimer.net
15801,programiz.com
15806,tineye.com
15822,boohoo.com
15828,admhmao.ru
15829,gp.se
15835,pocketfm.com
15836,opentor.org
15837,scotiabank.com
15850,mbdippex.com
15854,fluke.com
15874,fender.com
15877,logbase.io
15884,logentries.com
15896,windfinder.com
15899,art.pl
15901,tapology.com
15913,trthaber.com
15919,w3techs.com
15933,open.edu
15937,native-instruments.com
15971,liebherr.com
15974,sika.com
15988,bepress.com
15998,manomano.co.uk
16009,itopvpn.com
16015,travelchannel.com
16027,newyorkfed.org
16029,ati.com
16039,cvut.cz
16043,ces.tech
16045,wallhaven.cc
16048,ors.at
16057,mercadopago.com.mx
16064,thewire.in
16071,vividseats.com
16081,bongacams11.com
16094,snai.it
16097,weatherspark.com
16106,nbcboston.com
16114,geforcenow.com
16132,mirea.ru
16143,rlets.com
16145,xenial.com
16171,hpage.com
16173,carrefour.com.br
16179,platform.sh
16181,feathermc.com
16183,bark.com
16189,careers360.com
16193,costar.com
16195,barbars.ru
16196,seattlepi.com
16199,wheelofnames.com
16204,gorgias.help
16209,perf1.com
16223,wpbeginner.com
16225,enter-system.com
16243,mayoclinic.com
16244,airfind.com
16246,ucpress.edu
16253,comdirect.de
16267,forexpros.com
16275,psychologicalscience.org
16289,nperf.com
16298,coke.com
16300,itemku.com
16302,domaineasy.com
16310,bget.ru
16313,daad.de
16323,whiteboard.ms
16325,iyf.tv
16335,flocktory.com
16338,manus.im
16340,onmanorama.com
16346,wpmudev.com
16347,juejin.cn
16349,cargo.site
16355,sleeptracker.com
16356,utic.net.ba
16357,thenational.ae
16362,setn.com
16363,ibitsinternet.co.za
16366,bright-sdk.com
16372,autismspeaks.org
16424,finishline.com
16426,marianne.net
16427,istoedinheiro.com.br
16433,ontvtime.ru
16435,nrl.com
16438,smct.co
16440,sparknotes.com
16449,unaids.org
16453,adiam.tech
16463,beyondwords.io
16465,anteldata.com.uy
16472,tcpshield.com
16478,test.de
16484,gamedeveloper.com
16488,taxisubsea.com
16490,video-mech.ru
16493,macrium.com
16502,concert.io
16504,west.cn
16511,cirquedusoleil.com
16514,netnut.net
16519,riseup.net
16524,1c-edo.ru
16534,metunic.com.tr
16541,linksyssmartwifi.com
16546,noticiasaominuto.com
16547,ns.nl
16556,cdn-kaspi.kz
16591,dvrlists.com
16616,gamma.nl
16664,gilbarco.com
16667,2chan.net
16712,1xbet.com
16713,anilist.co
16722,irfanview.com
16733,spotlightstores.com
16743,devicetrust.com
16744,rbi.org.in
16747,servimg.com
16759,bloxd.io
16761,1stdibs.com
16767,harri.com
16768,jebbit.com
16772,clickiocdn.com
16776,quest-on-demand.com
16786,evodevicemanager.com
16797,prettylittlething.com
16800,binghamton.edu
16812,pydata.org
16824,chicago.gov
16831,eudora.com.br
16832,sexlog.com
16833,typescriptlang.org
16846,sporx.com
16860,gamersclub.com.br
16862,edgetag.io
16863,quipzit.com
16872,ringpublishing.com
16873,zoomdev.us
16874,thesprucepets.com
16888,napster.com
16894,cummins.com
16896,worten.pt
16903,psg.com
16909,italki.com
16910,airliquide.com
16913,oprahdaily.com
16921,klops.ru
16924,rise-ai.com
16927,olx.pt
16932,qubit.com
16952,spox.com
16953,dziennik.pl
16958,ambitionbox.com
16970,liberoquotidiano.it
16971,de.tl
16975,2ememain.be
16982,tigerdroppings.com
16985,jisho.org
16990,ownit.se
16995,eva.vn
16996,chordify.net
17068,japantoday.com
17070,meater.com
17071,nbcmiami.com
17081,arzdigital.com
17085,changelly.com
17088,garnstudio.com
17089,apexnews-af.com
17097,computerbild.de
17103,nic.cr
17104,upbit.com
17105,mocospace.com
17108,beatsbydre.com
17109,lolalytics.com
17130,weeronline.nl
17135,waipu.tv
17143,dovepress.com
17151,fibaro.com
17153,partsgeek.com
17158,oddschecker.com
17164,aritzia.com
17172,builtwith.com
17176,mykhel.com
17178,uidaho.edu
17182,moviesanywhere.com
17185,uoa.gr
17189,minijuegos.com
17211,files.com
17214,ifc.org
17221,autohero.com
17225,data.gov
17236,metu.edu.tr
17271,link.com
17273,riverside.fm
17282,regmovies.com
17285,imyfone.com
17301,spitogatos.gr
17311,advocate.com
17316,openshift.com
17317,tribuna.com
17318,notes.io
17322,reurl.cc
17325,vietjetair.com
17329,nanosystems.it
17330,globalpoker.com
17341,bluemailapp.com
17354,heavyfetish.com
17359,nameshift.com
17362,omio.com
17385,eib.org
17404,algolia.io
17422,anycastdns.cz
17427,bme.hu
17434,arukereso.hu
17438,ripple.com
17449,polar.com
17455,adblock.dev
17470,forth.gr
17475,novaskin.me
17481,zeffy.com
17487,salute.gov.it
17490,a-yz.com
17503,bleedingcool.com
17505,orangelogic.com
17509,pappers.fr
17511,thelott.com
17528,alohatube.com
17533,tudn.com
17536,doteasy.com
17539,seeking.com
17546,savana.com
17554,igdb.com
17583,powerinboxedge.com
17594,filipinocupid.com
17607,majordomo.ru
17634,socialchain.app
17640,hotcopper.com.au
17661,israelnationalnews.com
17670,brit.co
17679,purevolume.com
17692,nippon.com
17703,wpmet.com
17706,porzo.com
17710,x-video.tube
17720,dwell.com
17728,dogpile.com
17737,airbnb.com.br
17740,ecowatch.com
17747,pib.gov.in
17749,1password.eu
17765,ptcfc.com
17775,sipregistration.com
17780,nexon.io
17781,hypothes.is
17784,realitatea.net
17785,superjob.ru
17793,presstv.ir
17815,natrohost.com
17816,gry-online.pl
17823,duetdisplay.com
17826,bola.com
17832,itoolabs.net
17835,mybobs.com
17837,newadvent.org
17845,baddiehub.com
17847,yuque.com
17877,betlive.com
17882,pc8oeqtzy9.com
17900,innovasport.com
17904,ne.gov
17911,haraj.com.sa
17912,anyporn.com
17918,jouwweb.nl
17922,peek-cloppenburg.de
17929,ableton.com
17932,neustar.biz
17938,thueringer-allgemeine.de
17946,clicks.co.za
17952,everestjs.net
17958,agrarheute.com
17960,bringe.net
17969,legiscan.com
18017,money.it
18032,kktix.com
18047,tencentcs.com
18048,uplift.com
18050,thule.com
18060,bidnest.cc
18063,cplusplus.com
18066,belnet.be
18068,paisabazaar.com
18079,theartnewspaper.com
18081,care2.com
18096,sensacine.com
18100,bblmw.com
18106,fptshop.com.vn
18129,nabble.com
18132,reebok.eu
18138,ucas.com
18142,amny.com
18146,wg-gesucht.de
18147,showroom-live.com
18158,sipri.org
18162,megaup.cc
18163,chtbl.com
18173,veevacrm.com
18184,36kr.com
18185,orientaltrading.com
18187,evike.com
18199,rule34.world
18203,truvidplayer.com
18204,x-x-x.tube
18208,boschsecurity.com
18214,playboy.com
18219,sentral.com.au
18229,earthweb.com
18231,wwnorton.com
18237,bscscan.com
18244,ilmatieteenlaitos.fi
18251,freeads.co.uk
18258,lecker.de
18260,7-11.com.tw
18262,choicesolutions.com
18299,detmir.ru
18300,jetsmart.com
18304,haskell.org
18305,apc.com
18310,heimdalsecurity.com
18311,freemusicarchive.org
18321,videowise.com
18331,filehippo.com
18335,poppen.de
18345,onnetwork.tv
18351,japanet.co.jp
18358,kingsoftstore.com
18362,zeptonow.com
18364,kbhgames.com
18367,ojogo.pt
18369,nationale-loterij.be
18373,spotidownloader.com
18375,8tracks.com
18377,kdvr.com
18378,lemonsqueezy.com
18383,kidpowers.com
18400,rock.porn
18404,openrent.co.uk
18406,telegram.dog
18407,home24.de
18410,rabby.io
18415,overcast.fm
18425,rxlist.com
18429,violity.com
18438,thunderstore.io
18440,cinematoday.jp
18446,nicepage.com
18450,exporntoons.net
18456,cosmose.co
18457,figpii.com
18464,limitlesstcg.com
18478,alliedmarketresearch.com
18480,moto.it
18486,apartmentlist.com
18500,carters.com
18509,3u.com
18511,velog.io
18523,iwhop.com
18526,life.ru
18531,lukoil.com
18538,auctionninja.com
18549,carleton.edu
18558,fouanalytics.com
18564,metafilter.com
18573,phantixgames.com
18591,worldmarket.com
18595,einpresswire.com
18616,axissecurity.com
18619,doxy.me
18621,pornoperso.com
18623,getintopc.com
18630,theadvocate.com
18638,luckypush.pro
18648,primicias.ec
18653,creativelive.com
18667,sageone.com
18672,yesporn.vip
18676,thebalancecareers.com
18716,mgaru.dev
18717,estantevirtual.com.br
18724,weddingbee.com
18728,ostrovok.ru
18732,v2ex.com
18735,flashscore.co.uk
18745,cartrawler.com
18749,gmgn.ai
18752,url.cn
18757,rbcroyalbank.com
18760,shop-list.com
18761,onlinejobs.ph
18774,pornlulu.com
18779,porndr.com
18781,pca.st
18811,chavesnamao.com.br
18818,ucc.ie
18827,ipqs.com
18834,tui.pl
18839,asrock.com
18846,ionos.es
18847,gilead.com
18851,turingfraud.net
18852,masterfap.net
18854,senzuri.tube
18863,tiqets.com
18875,trahkino.cc
18876,kddi.com
18881,keymachine.de
18884,borsonline.hu
18886,fozzy.com
18890,scotusblog.com
18894,thoughtcatalog.com
18897,audible.co.uk
18898,zamunda.net
18911,tinymce.com
18923,nmcorp.video
18924,wurfl.io
18933,ingos.ru
18937,bluestone.com
18938,glassdoor.com.br
18939,technomoscow.ru
18952,4dsply.com
18980,phoenix.gov
18981,bithumb.com
18989,oocl.com
19002,daaz.com
19014,adxcorp.kr
19022,bolha.com
19029,yindantechhk.com
19041,procareconnect.com
19045,mitene.us
19052,undip.ac.id
19067,moviefone.com
19078,statmedia.ru
19084,totallyacdn.com
19088,zyngapoker.com
19091,34sp.com
19106,66yahoo.com
19110,district.in
19111,ubuntuforums.org
19113,r8bz.com
19114,ttpsdk.info
19131,hentai18.net
19149,exploretock.com
19171,secureworks.com
19172,tianqi.com
19174,dothome.co.kr
19175,cnn.gr
19184,despegar.com.ar
19190,fec.gov
19191,olx.ba
19193,stat.media
19198,rbk.ru
19206,lnk.bio
19213,roszdravnadzor.ru
19214,aerzteblatt.de
19216,abcotvs.com
19228,worldsportsbetting.co.za
19230,titan.co.in
19235,animoto.com
19242,wowza.com
19248,blog.youtube
19252,successfactors.eu
19253,honorofkings.com
19260,bricodepot.es
19269,blackhawknetwork.com
19273,ricoh.jp
19276,musc.edu
19278,comagic.ru
19282,metrics-bunny.net
19283,oxfam.org.uk
19288,tnt.com
19289,ancestry.ca
19294,jamf.com
19297,conac.cn
19299,creema.jp
19300,tuvsud.com
19306,hoerzu.de
19307,rspb.org.uk
19312,five9.net
19328,lassuranceretraite.fr
19333,flashscorekz.com
19345,wws-gs4.com
19347,kjvbiblenow.com
19362,icarros.com.br
19365,indiandefencereview.com
19370,lxtgame.com
19382,direct.gov.uk
19383,artofproblemsolving.com
19388,mrbetlogin.com
19393,happymod.cloud
19408,qvcuk.com
19416,haisoft.net
19422,dejure.org
19423,eurostar.com
19425,brilliantearth.com
19431,optinmonster.com
19436,fscut.com
19439,filthyhero.com
19442,tcpdf.org
19445,lmneuquen.com
19453,wikitravel.org
19454,zf.com
19458,stapecdn.com
19464,open-meteo.com
19480,jwwb.nl
19489,dni.gov
19498,roozaneh.net
19499,nml.com
19501,romspedia.com
19503,fullcontact.com
19506,forever21.com
19510,wandb.ai
19519,sicnoticias.pt
19525,workjam.com
19538,y2mate.com
19540,sanjesh.org
19543,hornybank.com
19545,joinhomebase.com
19548,iii.org
19551,awsdns-37.co.uk
19553,kantimehealth.net
19557,bocongan.gov.vn
19572,aviationa2z.com
19577,viz.com
19580,greatandhra.com
19585,matrixreq.com
19586,cgocable.ca
19594,statscore.com
19601,transfermarkt.com.br
19616,telkomuniversity.ac.id
19618,walmp.com
19619,heygen.com
19620,tt1069.com
19622,job-medley.com
19643,gamepro.de
19646,cludo.com
19649,gpblog.com
19653,lahalle.com
19654,csgoskins.gg
19659,eladelantado.com
19667,vzolab.com
19683,webpushr.com
19689,webshopapp.com
19693,bisecthosting.com
19700,bdsmlr.com
19705,mojapp.in
19722,masculin.com
19727,clickonometrics.pl
19734,ihsmarkit.com
19749,trueappultra.online
19759,owncloud.com
19762,i-mo.de
19766,firefox.com.cn
19778,crutchfield.com
19779,alef.ir
19786,apexnews-latam.com
19789,irasutoya.com
19790,yodel.co.uk
19793,g2g.com
19805,hotpic.cc
19809,xml-sitemaps.com
19826,zk1w.com
19839,noor-book.com
19846,uni-halle.de
19868,evan-musics.ir
19877,twittervideodownloader.com
19881,isbank.com.tr
19888,swing-zone.com
19896,kingarthurbaking.com
19901,geocities.ws
19912,hackster.io
19916,announcekit.app
19917,3d-galleru.ru
19933,4399.com
19938,mozdev.org
19940,download1music.ir
19955,coinex.com
19958,eeyeful.com
19971,demotywatory.pl
19976,factorio.com
19980,ht-systems.ru
19982,scribbr.com
19983,japanesebeauties.one
19991,shoplift.ai
19994,toryburch.com
20003,oggi.it
20009,local10.com
20028,cert.org
20030,soulboxe.com
20034,apa.at
20036,ranobes.net
20044,topgolf.com
20046,uhcprovider.com
20050,actalis.it
20066,pepperos.io
20068,moveyourhand.com
20069,omaha.com
20070,prozis.com
20071,medicaldaily.com
20074,poedb.tw
20075,admicro.vn
20076,shure.com
20078,adidas.mx
20079,elmira.es
20095,retailrocket.net
20105,anymind360.com
20122,protwq.com
20137,iam.gov.sa
20142,nationalgeographic.com.es
20147,tv.garden
20149,cyberleninka.ru
20157,smiirl.com
20171,namebay.com
20175,dice.se
20181,lacuarta.com
20182,ambafrance.org
20190,pomorska.pl
20200,pocketnet.app
20210,alarbda.com
20213,akzonobel.com
20222,zello.com
20229,thisamericanlife.org
20231,xlecx.one
20232,ytboob.com
20246,remini.ai
20258,buzzsumo.com
20268,adexchangeclear.com
20279,rulit.me
20282,clients.site
20294,puhutv.com
20298,kaliscan.com
20330,vinted.nl
20333,answerthepublic.com
20340,campings.com
20342,webtoonscan.com
20344,stockhouse.com
20345,football24.ua
20348,snaptik.kim
20356,bonprix.nl
20357,playsimple.co
20362,zearn.org
20365,governo.it
20367,hentaizap.com
20386,online-reservations.com
20387,axol.jp
20399,frontify.com
20406,creator-spring.com
20423,physio-pedia.com
20431,huntington.com
20445,tevas.dev
20447,viettel.vn
20456,roadtrippers.com
20457,deliveryhero.com
20468,finecobank.com
20474,thefa.com
20475,conversionbear.com
20479,postmarkapp.com
20481,questionai.com
20482,livegore.com
20493,puntoticket.com
20494,freedom1.ru
20500,sap-ag.de
20501,livestorm.co
20514,globalsiteanalytics.com
20525,jobs2web.com
20526,msk-ix.ru
20531,hsex.icu
20534,gamefa.com
20535,cdk.com
20542,twojapogoda.pl
20546,rapidfiretools.com
20552,voicemaker.media
20555,joyclub.com
20558,zawya.com
20561,ipgeolocation.io
20580,nezavisne.com
20586,story.hr
20588,bd-pratidin.com
20590,doramatv.one
20594,blpprofessional.com
20597,rapidbidding.com
20598,stv.tv
20602,investor.id
20604,adblockultimate.net
20609,scalefusion.com
20619,magic.link
20623,sinonim.org
20636,westpac.com.au
20649,donaldjtrump.com
20657,lokalise.co
20659,hubspotpagebuilder.com
20667,semver.org
20672,dokusho-ojikan.jp
20673,bet365.mx
20674,penny-arcade.com
20679,hipages.com.au
20682,thehansindia.com
20690,onestart.ai
20703,tv100.com
20704,mailfence.com
20730,taphoammo.net
20738,sanofi.com
20774,tripadvisor.com.au
20794,thetoc.gr
20795,najox.com
20801,modulate.ai
20808,wicp.net
20813,animalzoosex.world
20814,redstate.com
20821,express.pk
20832,flareflow.tv
20836,genetec.com
20840,xdebug.org
20844,omegle.onl
20854,draugas.lt
20857,dotus.ir
20859,tataritv.com
20863,makeleio.gr
20873,liga.net
20894,yespornpics.com
20907,traderjoes.com
20912,vietnamplus.vn
20916,theplatform.eu
20926,ebalka.zip
20947,roshy.tv
20951,everytime.kr
20956,solitar.io
20965,cpx-research.com
20967,lifesitenews.com
20969,mercy.net
20974,baddiesonly.tv
20997,k2s.cc
21004,healthplix.com
21007,horsereality.com
21023,sdu.dk
21034,prometheus.io
21036,daisonet.com
21038,turoktv.com
21039,carid.com
21045,granicus.com
21047,newffads.com
21052,komeda.co.jp
21059,flashscore.ninja
21065,sravni.ru
21070,fossil.com
